id,name,type,subtype,cost,primary_effect,backlash,special,requires_dice,dice_type,flavor_text,target_states,backlash_states,duration,is_crisis
POL-HEA-001,Universal Healthcare Plan,Policy,Healthcare,3,"+3 lean in states with High Healthcare Priority (MA, NY, CA, OR, WA)","-2 lean in states with Low Tax Priority (TX, FL, NH, TN)",,FALSE,,Quality healthcare is a right not a privilege.,"MA,NY,CA,OR,WA","TX,FL,NH,TN",,
POL-HEA-002,Lower Prescription Costs,Policy,Healthcare,2,"+2 lean in Senior-heavy states (FL, AZ, PA)","-1 lean in Pharma-industry states (NJ, CT)",,FALSE,,Families shouldn't choose between medicine and meals.,"FL,AZ,PA","NJ,CT",,
POL-HEA-003,Health Savings Accounts,Policy,Healthcare,2,"+2 lean in Business-friendly states (TX, GA, NC)","-1 lean in Union-heavy states (MI, WI, PA)",,FALSE,,Put healthcare decisions back in your hands.,"TX,GA,NC","MI,WI,PA",,
POL-HEA-004,Mental Health Initiative,Policy,Healthcare,2,"+2 lean in Youth-heavy states (CO, OR, MN, VA)",,Can be played in combination with Education cards for +1 bonus,FALSE,,Breaking the silence healing our communities.,"CO,OR,MN,VA",,,
POL-ECO-001,Middle Class Tax Cut,Policy,Economy,3,+2 lean in ALL swing states,"-1 lean in High-income states (CT, MA, NJ, CA)",,FALSE,,More money in your pocket not Washington's.,"PA,MI,WI,AZ,GA,NC,NV","CT,MA,NJ,CA",,
POL-ECO-002,Infrastructure Investment,Policy,Economy,3,"+3 lean in Rust Belt states (PA, MI, WI, OH)","-1 lean in Low-tax states (TX, FL, WY)","If Union Support card played this turn, +1 additional",FALSE,,Rebuilding America one bridge at a time.,"PA,MI,WI,OH","TX,FL,WY",,
POL-ECO-003,Small Business Relief,Policy,Economy,2,+2 lean in states with high small business density (All swing states),"-1 lean in states with corporate headquarters (NY, CA, IL)",,FALSE,,The backbone of our economy deserves our support.,"PA,MI,WI,AZ,GA,NC,NV","NY,CA,IL",,
POL-ECO-004,Wall Street Reform,Policy,Economy,2,"+3 lean in Working-class states (PA, OH, MI, WI, WV)","-2 lean in Financial centers (NY, CT, IL)",,FALSE,,When they prosper you should too.,"PA,OH,MI,WI,WV","NY,CT,IL",,
POL-ECO-005,Corporate Tax Cut,Policy,Economy,2,"+3 lean in Business states (TX, FL, GA, NC, TN)","-2 lean in Progressive states (CA, NY, MA, VT)",,FALSE,,Jobs follow opportunity.,"TX,FL,GA,NC,TN","CA,NY,MA,VT",,
POL-ECO-006,Minimum Wage Increase,Policy,Economy,2,"+3 lean in Service-industry states (NV, FL, HI)","-2 lean in Small-business states (NH, MT, WY)",,FALSE,,A full day's work deserves a fair day's pay.,"NV,FL,HI","NH,MT,WY",,
POL-ENV-001,Green Energy Initiative,Policy,Environment,3,"+3 lean in Climate-priority states (CA, OR, WA, CO, VT)","-2 lean in Fossil-fuel states (WV, WY, ND, TX, LA)",,FALSE,,The future is renewable.,"CA,OR,WA,CO,VT","WV,WY,ND,TX,LA",,
POL-ENV-002,Oil & Gas Independence,Policy,Energy,2,"+3 lean in Energy-production states (TX, LA, OK, ND, AK)","-2 lean in Environmental states (CA, OR, WA, VT)",,FALSE,,American energy for American prosperity.,"TX,LA,OK,ND,AK","CA,OR,WA,VT",,
POL-ENV-003,Nuclear Energy Expansion,Policy,Energy,2,"+2 lean in Tech-forward states (CA, WA, GA, TX)","-1 lean in states near nuclear incidents or concerns",Neutralizes Energy Crisis event if active,FALSE,,Clean reliable power for the 21st century.,"CA,WA,GA,TX",,,
POL-ENV-004,Conservation & Parks,Policy,Environment,1,"+2 lean in Outdoor recreation states (CO, MT, UT, OR, WA, AK)",,,,FALSE,,Preserving our natural heritage for generations.,"CO,MT,UT,OR,WA,AK",,,
POL-IMM-001,Border Security,Policy,Immigration,2,"+3 lean in Border states with security concerns (TX, AZ)","-2 lean in Immigrant-heavy states (CA, NM, NV, FL)",,FALSE,,Sovereignty starts at our borders.,"TX,AZ","CA,NM,NV,FL",,
POL-IMM-002,Path to Citizenship,Policy,Immigration,2,"+3 lean in High-immigration states (CA, TX, FL, NV, NM)","-2 lean in Immigration-skeptical states (AL, MS, WV)",,FALSE,,The American Dream welcomes dreamers.,"CA,TX,FL,NV,NM","AL,MS,WV",,
POL-IMM-003,H1-B Visa Reform,Policy,Immigration,2,"+2 lean in Tech-hub states (CA, WA, TX, MA, NY)","-1 lean in Manufacturing states (MI, OH, IN)",,FALSE,,Attracting the world's best talent.,"CA,WA,TX,MA,NY","MI,OH,IN",,
POL-EDU-001,Free Community College,Policy,Education,2,"+2 lean in Young-voter states (All swing states, +VA, CO, NV)","-1 lean in Low-tax states (TX, FL, NH)",,FALSE,,Education is the great equalizer.,"PA,MI,WI,AZ,GA,NC,NV,VA,CO","TX,FL,NH",,
POL-EDU-002,Student Loan Forgiveness,Policy,Education,3,"+3 lean in High-debt states (CA, NY, PA, FL, TX)","-2 lean in Non-college states (WV, AR, MS)",+1 additional with voters under 40,FALSE,,Lifting the burden of a generation.,"CA,NY,PA,FL,TX","WV,AR,MS",,
POL-EDU-003,School Choice & Vouchers,Policy,Education,2,"+2 lean in Urban states with school challenges (FL, OH, PA, MI)","-2 lean in Union-heavy states (CA, NY, MA, IL)",,FALSE,,Every child deserves quality education.,"FL,OH,PA,MI","CA,NY,MA,IL",,
POL-SOC-001,Criminal Justice Reform,Policy,Social,2,"+2 lean in Urban states (PA, MI, WI, GA, NC, AZ, NV)","-1 lean in Law-and-order states (TX, AL, MS)",,FALSE,,Justice should heal not just punish.,"PA,MI,WI,GA,NC,AZ,NV","TX,AL,MS",,
POL-SOC-002,Law & Order Platform,Policy,Social,2,+2 lean in Suburban areas (swing state suburbs),"-1 lean in Urban cores (major cities)",,FALSE,,Safe streets strong communities.,"PA,MI,WI,AZ,GA,NC,NV",,,
POL-SOC-003,Gun Rights Protection,Policy,Social,2,"+3 lean in Rural states (PA-rural, MI-rural, WI-rural, MT, WY, AK)","-2 lean in Urban states (NY, CA, IL, MA)",,FALSE,,Shall not be infringed.,"PA,MI,WI,MT,WY,AK","NY,CA,IL,MA",,
POL-SOC-004,Gun Safety Measures,Policy,Social,2,"+3 lean in Suburban areas (PA, MI, WI, AZ suburbs)","-2 lean in Rural areas",,FALSE,,Common sense for our children's safety.,"PA,MI,WI,AZ",,,
POL-MIL-001,Military Funding Increase,Policy,Defense,2,"+2 lean in Military-base states (VA, NC, GA, TX, CA, FL)","-1 lean in Anti-war states (VT, OR, MA)",,FALSE,,Peace through strength.,"VA,NC,GA,TX,CA,FL","VT,OR,MA",,
POL-MIL-002,Veterans Benefits Expansion,Policy,Veterans,2,"+2 lean in High-veteran states (FL, TX, CA, PA, VA, NC, GA)",,Can neutralize Military Scandal event,FALSE,,Keeping our promise to those who served.,"FL,TX,CA,PA,VA,NC,GA",,,
POL-TEC-001,Tech Industry Investment,Policy,Technology,2,"+3 lean in Tech hubs (CA, WA, TX, MA, NY, CO)","-1 lean in Rural manufacturing (OH, MI, WI)",,FALSE,,Innovation drives American leadership.,"CA,WA,TX,MA,NY,CO","OH,MI,WI",,
POL-TEC-002,Rural Broadband Expansion,Policy,Technology,2,"+2 lean in Rural swing states (PA, WI, MI, NC, GA, AZ)",,,,FALSE,,Connecting every corner of America.,"PA,WI,MI,NC,GA,AZ",,,
CAM-GRO-001,Grassroots Rally,Campaign,Rally,2,"Choose 1 state. +2 lean immediately. Place Rally marker (ongoing +1 per turn for 3 turns)",,Max 1 Rally marker per state,FALSE,,When we fight we win!,,,
CAM-GRO-002,Town Hall Tour,Campaign,Engagement,2,"Choose 1 region (3-5 connected states). +1 lean in each",,Gain 1 bonus card draw next turn,FALSE,,Listening to the people not the pundits.,,,
CAM-GRO-003,Door-to-Door Campaign,Campaign,Ground Game,1,"Choose 1 state. +1 lean. Immune to Attack Ads this turn",,,,FALSE,,One conversation at a time.,,,
CAM-GRO-004,Voter Registration Drive,Campaign,Ground Game,1,"Choose 1 state. +1 lean per turn for next 3 turns",,Stacks with Rally markers,FALSE,,Every voice matters.,,,
CAM-GRO-005,Get Out The Vote (GOTV),Campaign,Ground Game,2,Final 3 rounds only. Double all your bonuses in target state,,,,FALSE,,This is what democracy looks like!,,,
CAM-MED-001,Positive Ad Campaign,Campaign,Media,1,+1 lean in up to 3 states of your choice,,,,FALSE,,A message of hope and unity.,,,
CAM-MED-002,Attack Ad,Campaign,Media,2,Target opponent loses -2 lean in 1 state,,Can be blocked by Crisis Management,TRUE,risky_1d6,The people deserve to know the truth.,,,
CAM-MED-003,Viral Social Media Campaign,Campaign,Media,1,+2 lean in states with young voters (under 40),,,,TRUE,risky_1d6,Trending #1 nationwide... maybe.,,,
CAM-MED-004,Debate Performance,Campaign,Media,3,+2 lean in ALL swing states,,Can only be played during designated Debate rounds,FALSE,,That mic drop moment.,"PA,MI,WI,AZ,GA,NC,NV",,,
CAM-MED-005,Presidential Endorsement,Campaign,Endorsement,2,"+3 lean in 1 state, +1 lean in adjacent states",,Only 2 per deck,FALSE,,Standing on the shoulders of giants.,,,
CAM-MED-006,Celebrity Endorsement,Campaign,Endorsement,1,+2 lean in 1 urban/suburban state,,,,TRUE,risky_1d6,Star power meets people power.,,,
CAM-STR-001,Crisis Management,Campaign,Defense,1,Block 1 Attack Ad or negate 1 scandal effect,,Can be played on opponent's turn (instant),FALSE,,Staying focused on what matters.,,,
CAM-STR-002,Opposition Research,Campaign,Attack,2,Look at opponent's hand. Choose 1 card to discard,,Once per game per opponent,FALSE,,Knowledge is power.,,,
CAM-STR-003,Recount Demand,Campaign,Defense,2,Reset 1 state to its starting lean position,,Can only be used on states won by opponent in last 2 turns,FALSE,,Every vote must be counted.,,,
CAM-STR-004,Pivot Strategy,Campaign,Strategy,1,"Discard up to 3 cards, draw 3 new cards",,,,FALSE,,Adapting to the moment.,,,
CAM-STR-005,Hail Mary,Campaign,Strategy,3,Final 2 rounds only. All-in gamble on 1 state,,,,TRUE,risky_1d6,All in on Pennsylvania.,,,
CAM-FUN-001,Major Donor Event,Campaign,Fundraising,0,Gain 4 Campaign Points next turn,,Can only play 1 fundraising card per turn,FALSE,,A thousand-dollar-a-plate dinner.,,,
CAM-FUN-002,Small Dollar Donations,Campaign,Fundraising,0,"Gain 2 Campaign Points now, +1 lean in 1 grassroots state",,,,FALSE,,Powered by the people $27 at a time.,,,
CAM-FUN-003,Super PAC Support,Campaign,Fundraising,0,"Gain 5 Campaign Points, but -1 lean in Progressive states",,,,FALSE,,We didn't coordinate we swear.,,"CA,NY,MA,VT",,
CAM-FUN-004,Email Fundraising Blast,Campaign,Fundraising,0,Gain 1 Campaign Point per state where you currently lead,,,,FALSE,,Friend we need your help...,,,
EVE-ECO-001,Economic Recession,Event,Economic,0,"-2 lean for incumbent party in ALL states. Economy policy cards cost +1 Campaign Point",,Economic Recovery Plan policy neutralizes,TRUE,event_severity,Markets tumble as uncertainty grips the nation.,,,3,TRUE
EVE-ECO-002,Stock Market Boom,Event,Economic,0,"+1 lean for incumbent party in Wealthy states (CT, NJ, MA, CA). -1 lean for challenger in Working-class states",,,,TRUE,event_severity,Dow hits record high.,"CT,NJ,MA,CA",,2,FALSE
EVE-ECO-003,Unemployment Report: Jobs Added,Event,Economic,0,+1 lean for incumbent in ALL states,,,,TRUE,event_severity,Strongest job growth in a decade.,,,1,FALSE
EVE-ECO-004,Unemployment Report: Jobs Lost,Event,Economic,0,"-2 lean for incumbent in Rust Belt states (PA, MI, WI, OH)",,,,TRUE,event_severity,Layoffs announced at major manufacturers.,"PA,MI,WI,OH",,2,FALSE
EVE-ECO-005,Gas Price Spike,Event,Economic,0,"-1 lean for incumbent in ALL states. Energy policy cards get +1 effectiveness",,,,TRUE,event_severity,$5 per gallon at the pump.,,,2,FALSE
EVE-ECO-006,Trade War Begins,Event,Economic,0,"-2 lean in Export-dependent states (IA, NE, WA, CA). +1 lean in Manufacturing states (MI, OH, PA, WI)",,,,TRUE,event_severity,Tariffs trigger retaliation.,"IA,NE,WA,CA",,3,FALSE
EVE-ECO-007,Federal Reserve Rate Change,Event,Economic,0,+1 or -1 lean for incumbent (depending on rate direction) in states with high mortgage rates,,,,TRUE,event_severity,Fed signals policy shift.,,,2,FALSE
EVE-FOR-001,International Crisis,Event,Foreign Affairs,0,"+2 lean for incumbent in Military states (VA, NC, TX, CA, GA). All players can play Defense policy cards at -1 cost",,,,TRUE,event_severity,Rally around the flag.,"VA,NC,TX,CA,GA",,2,TRUE
EVE-FOR-002,Terrorist Attack,Event,Foreign Affairs,0,"+3 lean for incumbent nationally. Defense/Security policy cards get +2 effectiveness. Decay -1 lean per round after initial shock",,,,TRUE,event_severity,The nation mourns and mobilizes.,,,3,TRUE
EVE-FOR-003,Peace Treaty Signed,Event,Foreign Affairs,0,"+2 lean for incumbent in Progressive states. -1 lean for incumbent in Defense-industry states",,,,TRUE,event_severity,A new era of diplomacy begins.,,,2,FALSE
EVE-FOR-004,Military Scandal,Event,Foreign Affairs,0,-2 lean for incumbent in ALL states,,Veterans Benefits card neutralizes,TRUE,event_severity,Pentagon faces tough questions.,,,2,TRUE
EVE-FOR-005,Successful Military Operation,Event,Foreign Affairs,0,+2 lean for incumbent in ALL states,,,,TRUE,event_severity,Mission accomplished.,,,1,FALSE
EVE-FOR-006,International Trade Deal,Event,Foreign Affairs,0,"+1 lean for incumbent in Export states (IA, NE, KS, WA, CA). -1 lean in Manufacturing states (OH, MI, PA, WI)",,,,TRUE,event_severity,Markets open to American goods.,"IA,NE,KS,WA,CA",,2,FALSE
EVE-DOM-001,Hurricane/Natural Disaster,Event,Domestic Crisis,0,"Choose 1 coastal state. -3 lean for incumbent in that state. Infrastructure policy cards get +2 effectiveness in affected state",,Strong disaster response can flip to +1 lean,TRUE,event_severity,Category 5 makes landfall.,,,2,TRUE
EVE-DOM-002,Mass Shooting,Event,Domestic Crisis,0,"Gun policy cards (both sides) get +3 effectiveness. -1 lean for incumbent nationally",,,,TRUE,event_severity,A nation grieves once again.,,,2,TRUE
EVE-DOM-003,Police Violence Incident,Event,Domestic Crisis,0,"Criminal Justice policy cards get +3 effectiveness. -2 lean in Urban areas, +1 lean in Rural areas (varies by response)",,,,TRUE,event_severity,Protests spread nationwide.,,,3,TRUE
EVE-DOM-004,Healthcare Crisis/Pandemic,Event,Domestic Crisis,0,"-3 lean for incumbent in ALL states. Healthcare policy cards cost -1 and get +2 effectiveness",,Strong healthcare response can flip to +2 lean,TRUE,event_severity,Hospitals overwhelmed as cases surge.,,,4,TRUE
EVE-DOM-005,Supreme Court Ruling,Event,Domestic,0,"Varies by ruling. +2/-2 lean in states aligned/opposed to decision. Social Issue cards get +2 effectiveness",,,,TRUE,event_severity,A landmark decision divides the nation.,,,2,FALSE
EVE-DOM-006,Political Scandal,Event,Domestic Crisis,0,"Target player (draw randomly): -3 lean in ALL states",,Crisis Management reduces to -1,TRUE,event_severity,Breaking: Investigation launched.,,,2,TRUE
EVE-DOM-007,Wildfire Season,Event,Domestic Crisis,0,"-2 lean for incumbent in Western states (CA, OR, WA, CO, AZ, NM). Environment policy cards get +2 effectiveness",,,,TRUE,event_severity,Millions of acres burning.,"CA,OR,WA,CO,AZ,NM",,2,TRUE
EVE-SOC-001,Youth Climate Movement,Event,Social,0,"Environment policy cards get +2 effectiveness. +1 lean in states with young voters for climate-forward policies",,,,TRUE,event_severity,Students strike for the planet.,,,2,FALSE
EVE-SOC-002,Union Strike Wave,Event,Social,0,"Labor-friendly policies get +2 effectiveness. -1 lean for incumbent in Union states (MI, WI, PA, OH, NV)",,,,TRUE,event_severity,Workers walk off the job nationwide.,"MI,WI,PA,OH,NV",,2,FALSE
EVE-SOC-003,Religious Movement,Event,Social,0,"Social Issue cards get +2 effectiveness. +2/-2 lean in religious states depending on policy alignment",,,,TRUE,event_severity,Packed pews and political power.,,,2,FALSE
EVE-TEC-001,Cybersecurity Breach,Event,Technology,0,"-1 lean for incumbent in Tech states. Technology policy cards cost -1",,,,TRUE,event_severity,Foreign hackers breach federal systems.,,,2,TRUE
EVE-TEC-002,AI Breakthrough,Event,Technology,0,"+2 lean in Tech hub states (CA, WA, TX, MA). -1 lean in Automation-threatened states (MI, OH, PA, WI)",,,,TRUE,event_severity,American innovation leads the world.,"CA,WA,TX,MA",,2,FALSE
SPE-RUN-001,The Military Hero,Special,Running Mate,0,+1 lean in all Military states (permanent),,One-time ability: Neutralize one Foreign Affairs crisis,FALSE,,Decorated veteran brings credibility.,"VA,NC,GA,TX,CA,FL",,,
SPE-RUN-002,The Popular Governor,Special,Running Mate,0,+2 lean in Running Mate's home state (permanent),,One-time ability: +1 lean in all adjacent states for 1 round,FALSE,,Regional favorite joins the ticket.,,,
SPE-RUN-003,The Young Progressive,Special,Running Mate,0,+1 lean with voters under 40 in all states (permanent),,One-time ability: Draw 3 extra cards,FALSE,,Energizing a new generation.,,,
SPE-RUN-004,The Moderate Swing-State Senator,Special,Running Mate,0,+1 lean in all Swing states (permanent),,One-time ability: Reset 1 swing state to neutral,FALSE,,Building bridges across the aisle.,"PA,MI,WI,AZ,GA,NC,NV",,,
SPE-DEB-001,Knockout Blow,Special,Debate,0,"If you win: +3 lean in ALL swing states, opponent -2. If you lose: Your attack backfires, -2 lean in all swing states",,,,TRUE,debate_base3,The moment everyone will remember.,,,
SPE-DEB-002,Steady Performance,Special,Debate,0,"If you win: +2 lean in all states where you're currently losing. If you lose: +1 lean in states where you're losing (still decent)",,,,TRUE,debate_base2,No gaffes mission accomplished.,,,
SPE-DEB-003,Gaffe Recovery,Special,Debate,0,"If you win: Nullify opponent's effect + gain +1 lean nationally. If you lose: Opponent's card takes full effect",,If opponent plays Knockout Blow and you win their card backfires on them,TRUE,debate_base1,Turning a stumble into a stride.,,,
SPE-WIL-001,October Surprise,Special,Wild Card,0,Final 2 rounds only. Play any Event card from discard pile,,Only 1 in entire deck,FALSE,,Nobody saw this coming.,,,
SPE-WIL-002,Momentum Shift,Special,Wild Card,0,Swap lean positions of any 2 states,,2 in deck,FALSE,,The race just turned upside down.,,,
SPE-WIL-003,Media Blackout,Special,Wild Card,0,"This round, no Attack Ads or negative campaigns can be played",,,,FALSE,,Let's talk about the issues.,,,
